﻿Abbesses;Paris Métro Line 12
(Butte Montmartre);
Aimé Césaire;Paris Métro Line 12
Alésia;Paris Métro Line 4
Alexandre Dumas;Paris Métro Line 2
Alma - Marceau;Paris Métro Line 9
Anatole France;Paris Métro Line 3
Anvers;Paris Métro Line 2
(Sacré-Cœur);
Argentine;Paris Métro Line 1
Arts et Métiers;Paris Métro Line 3Paris Métro Line 11
Assemblée Nationale;Paris Métro Line 12
Aubervilliers - Pantin - Quatre Chemins;Paris Métro Line 7
Avenue Émile Zola;Paris Métro Line 10
Avron;Paris Métro Line 2
Bagneux-Lucie Aubrac;Paris Métro Line 4
Balard;Paris Métro Line 8
Barbara;Paris Métro Line 4
(Montrouge);
Barbès - Rochechouart;Paris Métro Line 2Paris Métro Line 4
Basilique de Saint-Denis;Paris Métro Line 13
(Hôtel de Ville);
Bastille;Paris Métro Line 1Paris Métro Line 5Paris Métro Line 8
Bel-Air;Paris Métro Line 6
Belleville;Paris Métro Line 2Paris Métro Line 11
(Commune de Paris 1871);
Bérault;Paris Métro Line 1
Bercy;Paris Métro Line 6Paris Métro Line 14
;
Bibliothèque François Mitterrand;Paris Métro Line 14
;
Billancourt;Paris Métro Line 9
Bir-Hakeim;Paris Métro Line 6
(Tour Eiffel);
Blanche;Paris Métro Line 2
Bobigny - Pablo Picasso;Paris Métro Line 5
(Préfecture - Hôtel du Département);
Bobigny - Pantin - Raymond Queneau;Paris Métro Line 5
Boissière;Paris Métro Line 6
Bolivar;Paris Métro Line 7bis
Bonne Nouvelle;Paris Métro Line 8Paris Métro Line 9
;
Botzaris;Paris Métro Line 7bis
Boucicaut;Paris Métro Line 8
Boulogne - Jean Jaurès;Paris Métro Line 10
Boulogne - Pont de Saint-Cloud;Paris Métro Line 10
(Rhin et Danube);
Bourse;Paris Métro Line 3
Bréguet - Sabin;Paris Métro Line 5
Brochant;Paris Métro Line 13
Buttes Chaumont;Paris Métro Line 7bis
Buzenval;Paris Métro Line 9
Cadet;Paris Métro Line 7
Cambronne;Paris Métro Line 6
Campo Formio;Paris Métro Line 5
Cardinal Lemoine;Paris Métro Line 10
Carrefour Pleyel;Paris Métro Line 13
Censier - Daubenton;Paris Métro Line 7
Champs-Élysées - Clemenceau;Paris Métro Line 1Paris Métro Line 13
(Grand Palais);
Chardon Lagache;Paris Métro Line 10
Charenton - Écoles;Paris Métro Line 8
(Place Aristide Briand);
Charles de Gaulle - Étoile;Paris Métro Line 1Paris Métro Line 2Paris Métro Line 6
;
;
Charles Michels;Paris Métro Line 10
Charonne;Paris Métro Line 9
Château d'Eau;Paris Métro Line 4
Château de Vincennes;Paris Métro Line 1
Château-Landon;Paris Métro Line 7
Château Rouge;Paris Métro Line 4
Châtelet;Paris Métro Line 1Paris Métro Line 4Paris Métro Line 7Paris Métro Line 11Paris Métro Line 14
(7: Pont au Change);
;
;
;
Châtillon - Montrouge;Paris Métro Line 13
;
Chaussée d'Antin - La Fayette;Paris Métro Line 7Paris Métro Line 9
;
Chemin Vert;Paris Métro Line 8
Chevaleret;Paris Métro Line 6
Cité;Paris Métro Line 4
Cluny - La Sorbonne;Paris Métro Line 10
;
Colonel Fabien;Paris Métro Line 2
Commerce;Paris Métro Line 8
Concorde;Paris Métro Line 1Paris Métro Line 8Paris Métro Line 12
;
;
Convention;Paris Métro Line 12
Corentin Cariou;Paris Métro Line 7
Corentin Celton;Paris Métro Line 12
Corvisart;Paris Métro Line 6
Cour Saint-Émilion;Paris Métro Line 14
Courcelles;Paris Métro Line 2
Couronnes;Paris Métro Line 2
Créteil - L'Échat;Paris Métro Line 8
(Hôpital Henri Mondor);
Créteil - Préfecture;Paris Métro Line 8
(Hôtel de Ville);
Créteil - Université;Paris Métro Line 8
Crimée;Paris Métro Line 7
Croix de Chavaux;Paris Métro Line 9
(Place Jacques Duclos);
Danube;Paris Métro Line 7bis
Daumesnil;Paris Métro Line 6Paris Métro Line 8
(Félix Éboué);
Denfert-Rochereau;Paris Métro Line 4Paris Métro Line 6
(Colonel Rol-Tanguy);
Dugommier;Paris Métro Line 6
Dupleix;Paris Métro Line 6
Duroc;Paris Métro Line 10Paris Métro Line 13
;
École Militaire;Paris Métro Line 8
École Vétérinaire de Maisons-Alfort;Paris Métro Line 8
Edgar Quinet;Paris Métro Line 6
Église d'Auteuil;Paris Métro Line 10
;
Église de Pantin;Paris Métro Line 5
Esplanade de La Défense;Paris Métro Line 1
;
Étienne Marcel;Paris Métro Line 4
Europe;Paris Métro Line 3
(Simone Veil);
Exelmans;Paris Métro Line 9
Faidherbe - Chaligny;Paris Métro Line 8
Falguière;Paris Métro Line 12
Félix Faure;Paris Métro Line 8
Filles du Calvaire;Paris Métro Line 8
Fort d'Aubervilliers;Paris Métro Line 7
Franklin D. Roosevelt;Paris Métro Line 1Paris Métro Line 9
;
Front Populaire;Paris Métro Line 12
(Aubervilliers - Saint-Denis);
Gabriel Péri;Paris Métro Line 13
(Asnières – Gennevilliers);
Gaîté;Paris Métro Line 13
(Joséphine Baker);
Gallieni;Paris Métro Line 3
(Parc de Bagnolet);
Gambetta;Paris Métro Line 3Paris Métro Line 3bis
Gare d'Austerlitz;Paris Métro Line 5Paris Métro Line 10
;
;
Gare de l'Est;Paris Métro Line 4Paris Métro Line 5Paris Métro Line 7
(Verdun);
;
Gare de Lyon;Paris Métro Line 1Paris Métro Line 14
;
Gare du Nord;Paris Métro Line 4Paris Métro Line 5
;
;
Garibaldi;Paris Métro Line 13
George V;Paris Métro Line 1
Glacière;Paris Métro Line 6
Goncourt;Paris Métro Line 11
(Hôpital Saint-Louis);
Grands Boulevards;Paris Métro Line 8Paris Métro Line 9
;
Guy Môquet;Paris Métro Line 13
;
Havre - Caumartin;Paris Métro Line 3Paris Métro Line 9
;
Hoche;Paris Métro Line 5
Hôtel de Ville;Paris Métro Line 1Paris Métro Line 11
;
Iéna;Paris Métro Line 9
Invalides;Paris Métro Line 8Paris Métro Line 13
;
Jacques Bonsergent;Paris Métro Line 5
Jasmin;Paris Métro Line 9
Jaurès;Paris Métro Line 2Paris Métro Line 5Paris Métro Line 7bis
;
;
Javel - André Citroën;Paris Métro Line 10
Jourdain;Paris Métro Line 11
Jules Joffrin;Paris Métro Line 12
Jussieu;Paris Métro Line 7Paris Métro Line 10
Kléber;Paris Métro Line 6
La Chapelle;Paris Métro Line 2
;
La Courneuve - 8 Mai 1945;Paris Métro Line 7
La Défense;Paris Métro Line 1
(Grande Arche);
;
La Fourche;Paris Métro Line 13
La Motte-Picquet - Grenelle;Paris Métro Line 6Paris Métro Line 8Paris Métro Line 10
;
;
La Muette;Paris Métro Line 9
La Tour-Maubourg;Paris Métro Line 8
Lamarck - Caulaincourt;Paris Métro Line 12
Laumière;Paris Métro Line 5
Le Kremlin-Bicêtre;Paris Métro Line 7
Le Peletier;Paris Métro Line 7
Ledru-Rollin;Paris Métro Line 8
Les Agnettes;Paris Métro Line 13
(Asnières – Gennevilliers);
Les Courtilles;Paris Métro Line 13
(Asnières - Gennevilliers);
Les Gobelins;Paris Métro Line 7
Les Halles;Paris Métro Line 4
Les Sablons;Paris Métro Line 1
(Jardin d'Acclimatation);
Liberté;Paris Métro Line 8
Liège;Paris Métro Line 13
;
Louis Blanc;Paris Métro Line 7Paris Métro Line 7bis
;
Louise Michel;Paris Métro Line 3
Lourmel;Paris Métro Line 8
Louvre - Rivoli;Paris Métro Line 1
Mabillon;Paris Métro Line 10
Madeleine;Paris Métro Line 8Paris Métro Line 12Paris Métro Line 14
;
;
Mairie d'Aubervilliers;Paris Métro Line 12
Mairie d'Issy;Paris Métro Line 12
Mairie d'Ivry;Paris Métro Line 7
Mairie de Clichy;Paris Métro Line 13
Mairie de Montreuil;Paris Métro Line 9
Mairie de Montrouge;Paris Métro Line 4
Mairie de Saint-Ouen;Paris Métro Line 13Paris Métro Line 14
;
Mairie des Lilas;Paris Métro Line 11
Maison Blanche;Paris Métro Line 7
Maisons-Alfort - Les Juilliottes;Paris Métro Line 8
Maisons-Alfort - Stade;Paris Métro Line 8
Malakoff - Plateau de Vanves;Paris Métro Line 13
Malakoff - Rue Étienne Dolet;Paris Métro Line 13
Malesherbes;Paris Métro Line 3
Maraîchers;Paris Métro Line 9
Marcadet - Poissonniers;Paris Métro Line 4Paris Métro Line 12
;
Marcel Sembat;Paris Métro Line 9
Marx Dormoy;Paris Métro Line 12
Maubert - Mutualité;Paris Métro Line 10
Ménilmontant;Paris Métro Line 2
Michel Bizot;Paris Métro Line 8
Michel-Ange - Auteuil;Paris Métro Line 9Paris Métro Line 10
;
Michel-Ange - Molitor;Paris Métro Line 9Paris Métro Line 10
;
Mirabeau;Paris Métro Line 10
Miromesnil;Paris Métro Line 9Paris Métro Line 13
;
Monceau;Paris Métro Line 2
Montgallet;Paris Métro Line 8
Montparnasse - Bienvenüe;Paris Métro Line 4Paris Métro Line 6Paris Métro Line 12Paris Métro Line 13
;
;
;
Mouton-Duvernet;Paris Métro Line 4
Nation;Paris Métro Line 1Paris Métro Line 2Paris Métro Line 6Paris Métro Line 9
(9: Place des Antilles);
;
;
Nationale;Paris Métro Line 6
Notre-Dame-de-Lorette;Paris Métro Line 12
Notre-Dame-des-Champs;Paris Métro Line 12
Oberkampf;Paris Métro Line 5Paris Métro Line 9
;
Odéon;Paris Métro Line 4Paris Métro Line 10
;
Olympiades;Paris Métro Line 14
Opéra;Paris Métro Line 3Paris Métro Line 7Paris Métro Line 8
;
;
Ourcq;Paris Métro Line 5
Palais Royal – Musée du Louvre;Paris Métro Line 1Paris Métro Line 7
;
Parmentier;Paris Métro Line 3
Passy;Paris Métro Line 6
Pasteur;Paris Métro Line 6Paris Métro Line 12
;
Pelleport;Paris Métro Line 3bis
Père Lachaise;Paris Métro Line 2Paris Métro Line 3
;
Pereire;Paris Métro Line 3
(Maréchal Juin);
Pernety;Paris Métro Line 13
Philippe Auguste;Paris Métro Line 2
Picpus;Paris Métro Line 6
(Courteline);
Pierre et Marie Curie;Paris Métro Line 7
Pigalle;Paris Métro Line 2Paris Métro Line 12
;
Place d'Italie;Paris Métro Line 5Paris Métro Line 6Paris Métro Line 7
;
;
Place de Clichy;Paris Métro Line 2Paris Métro Line 13
;
Place des Fêtes;Paris Métro Line 7bisParis Métro Line 11
;
Place Monge;Paris Métro Line 7
(Jardin des Plantes – Arènes de Lutèce);
Plaisance;Paris Métro Line 13
Pointe du Lac;Paris Métro Line 8
(Créteil);
Poissonnière;Paris Métro Line 7
Pont de Levallois - Bécon;Paris Métro Line 3
Pont de Neuilly;Paris Métro Line 1
Pont de Sèvres;Paris Métro Line 9
Pont Cardinet;Paris Métro Line 14
Pont Marie;Paris Métro Line 7
(Cité des Arts);
Pont Neuf;Paris Métro Line 7
(La Monnaie);
Porte Dauphine;Paris Métro Line 2
(Maréchal de Lattre de Tassigny);
Porte d'Auteuil;Paris Métro Line 10
Porte de Bagnolet;Paris Métro Line 3
Porte de Champerret;Paris Métro Line 3
Porte de Charenton;Paris Métro Line 8
Porte de Choisy;Paris Métro Line 7
Porte de Clichy;Paris Métro Line 13Paris Métro Line 14
(Tribunal de Paris);
Porte de Clignancourt;Paris Métro Line 4
(Puces de Saint-Ouen);
Porte de la Chapelle;Paris Métro Line 12
(Saint-Denis);
Porte de la Villette;Paris Métro Line 7
(Cité des Sciences et de l'Industrie);
Porte de Montreuil;Paris Métro Line 9
Porte de Pantin;Paris Métro Line 5
(Parc de la Villette);
Porte de Saint-Cloud;Paris Métro Line 9
(Parc des Princes);
Porte de Saint-Ouen;Paris Métro Line 13
Porte de Vanves;Paris Métro Line 13
Porte de Versailles;Paris Métro Line 12
(Parc des Expositions de Paris);
Porte de Vincennes;Paris Métro Line 1
Porte des Lilas;Paris Métro Line 3bisParis Métro Line 11
;
Porte d'Italie;Paris Métro Line 7
Porte d'Ivry;Paris Métro Line 7
Porte Dorée;Paris Métro Line 8
Porte d'Orléans;Paris Métro Line 4
Porte Maillot;Paris Métro Line 1
(Palais des Congrès);
Pré-Saint-Gervais;Paris Métro Line 7bis
Pyramides;Paris Métro Line 7Paris Métro Line 14
;
Pyrénées;Paris Métro Line 11
Quai de la Gare;Paris Métro Line 6
Quai de la Rapée;Paris Métro Line 5
Quatre-Septembre;Paris Métro Line 3
Rambuteau;Paris Métro Line 11
(Centre Georges Pompidou);
Ranelagh;Paris Métro Line 9
Raspail;Paris Métro Line 4Paris Métro Line 6
;
Réaumur - Sébastopol;Paris Métro Line 3Paris Métro Line 4
;
Rennes;Paris Métro Line 12
République;Paris Métro Line 3Paris Métro Line 5Paris Métro Line 8Paris Métro Line 9Paris Métro Line 11
;
;
;
;
Reuilly - Diderot;Paris Métro Line 1Paris Métro Line 8
;
Richard-Lenoir;Paris Métro Line 5
Richelieu - Drouot;Paris Métro Line 8Paris Métro Line 9
Riquet;Paris Métro Line 7
Robespierre;Paris Métro Line 9
Rome;Paris Métro Line 2
Rue de la Pompe;Paris Métro Line 9
(Avenue Georges-Mandel);
Rue des Boulets;Paris Métro Line 9
Rue du Bac;Paris Métro Line 12
Rue Saint-Maur;Paris Métro Line 3
Saint-Ambroise;Paris Métro Line 9
Saint-Augustin;Paris Métro Line 9
Saint-Denis - Porte de Paris;Paris Métro Line 13
(Stade de France);
Saint-Denis - Université;Paris Métro Line 13
Saint-Fargeau;Paris Métro Line 3bis
Saint-François-Xavier;Paris Métro Line 13
Saint-Georges;Paris Métro Line 12
Saint-Germain-des-Prés;Paris Métro Line 4
Saint-Jacques;Paris Métro Line 6
Saint-Lazare;Paris Métro Line 3Paris Métro Line 12Paris Métro Line 13Paris Métro Line 14
;
;
;
Saint-Mandé;Paris Métro Line 1
Saint-Marcel;Paris Métro Line 5
Saint-Michel;Paris Métro Line 4
Saint-Ouen;Paris Métro Line 14
Saint-Paul;Paris Métro Line 1
(Le Marais);
Saint-Philippe du Roule;Paris Métro Line 9
Saint-Placide;Paris Métro Line 4
Saint-Sébastien - Froissart;Paris Métro Line 8
Saint-Sulpice;Paris Métro Line 4
Ségur;Paris Métro Line 10
(UNESCO);
Sentier;Paris Métro Line 3
Sèvres - Babylone;Paris Métro Line 10Paris Métro Line 12
;
Sèvres - Lecourbe;Paris Métro Line 6
Simplon;Paris Métro Line 4
Solférino;Paris Métro Line 12
(Musée d'Orsay);
Stalingrad;Paris Métro Line 2Paris Métro Line 5Paris Métro Line 7
;
;
Strasbourg - Saint-Denis;Paris Métro Line 4Paris Métro Line 8Paris Métro Line 9
;
;
Sully - Morland;Paris Métro Line 7
Télégraphe;Paris Métro Line 11
Temple;Paris Métro Line 3
Ternes;Paris Métro Line 2
Tolbiac;Paris Métro Line 7
Trinité - d'Estienne d'Orves;Paris Métro Line 12
Trocadéro;Paris Métro Line 6Paris Métro Line 9
;
Tuileries;Paris Métro Line 1
Vaneau;Paris Métro Line 10
Varenne;Paris Métro Line 13
Vaugirard;Paris Métro Line 12
(Adolphe Chérioux);
Vavin;Paris Métro Line 4
Victor Hugo;Paris Métro Line 2
Villejuif - Léo Lagrange;Paris Métro Line 7
Villejuif - Louis Aragon;Paris Métro Line 7
Villejuif - Paul Vaillant-Couturier;Paris Métro Line 7
(Hôpital Paul Brousse);
Villiers;Paris Métro Line 2Paris Métro Line 3
;
Volontaires;Paris Métro Line 12
Voltaire;Paris Métro Line 9
(Léon Blum);
Wagram;Paris Métro Line 3
